dataset,accuracy,f1,precision_weighted,recall_weighted,cm_00,cm_01,cm_10,cm_11
test,0.9821603927986907,0.9823826167338174,0.9833527623144643,0.9821603927986907,4622,106,3,1379
