dataset,accuracy,f1,precision_weighted,recall_weighted,cm_00,cm_01,cm_10,cm_11
train,0.9775086505190311,0.9778388757963934,0.9792992444415913,0.9775086505190311,10767,315,10,3358
